[{"count":1,"y":336,"x":409,"type":"SHOT","shotType":"Slap","gameID":1553247},{"count":1,"y":365,"x":321,"type":"SHOT","shotType":"Slap","gameID":1553301},{"count":1,"y":371,"x":297,"type":"SHOT","shotType":"Slap","gameID":1553301},{"count":1,"y":336,"x":444,"type":"SHOT","shotType":"Slap","gameID":1553348},{"count":1,"y":377,"x":344,"type":"SHOT","shotType":"Slap","gameID":1553348},{"count":1,"y":278,"x":444,"type":"SHOT","shotType":"Wrist","gameID":1553381},{"count":1,"y":232,"x":226,"type":"SHOT","shotType":"Snap","gameID":1553433},{"count":1,"y":232,"x":103,"type":"SHOT","shotType":"Backhand","gameID":1553433},{"count":1,"y":394,"x":203,"type":"SHOT","shotType":"Slap","gameID":1553433},{"count":1,"y":203,"x":68,"type":"SHOT","shotType":"Wrist","gameID":1553433},{"count":1,"y":400,"x":197,"type":"SHOT","shotType":"Slap","gameID":1553479},{"count":1,"y":394,"x":203,"type":"SHOT","shotType":"Slap","gameID":1553479},{"count":1,"y":406,"x":444,"type":"SHOT","shotType":"Slap","gameID":1553479},{"count":1,"y":377,"x":315,"type":"SHOT","shotType":"Slap","gameID":1553591},{"count":1,"y":278,"x":285,"type":"SHOT","shotType":"Wrist","gameID":1553591},{"count":1,"y":377,"x":121,"type":"SHOT","shotType":"Slap","gameID":1553591},{"count":1,"y":371,"x":462,"type":"SHOT","shotType":"Wrist","gameID":1553691},{"count":1,"y":348,"x":126,"type":"SHOT","shotType":"Slap","gameID":1553691},{"count":1,"y":220,"x":262,"type":"SHOT","shotType":"Snap","gameID":1553691},{"count":1,"y":284,"x":338,"type":"GOAL","shotType":"Slap","gameID":1553691},{"count":1,"y":360,"x":62,"type":"SHOT","shotType":"Slap","gameID":1553691},{"count":1,"y":389,"x":444,"type":"SHOT","shotType":"Wrist","gameID":1553803},{"count":1,"y":447,"x":232,"type":"SHOT","shotType":"Slap","gameID":1553881},{"count":1,"y":360,"x":415,"type":"SHOT","shotType":"Wrist","gameID":1553881},{"count":1,"y":325,"x":174,"type":"SHOT","shotType":"Wrist","gameID":1553881},{"count":1,"y":400,"x":168,"type":"SHOT","shotType":"Wrist","gameID":1553260},{"count":1,"y":394,"x":438,"type":"SHOT","shotType":"Snap","gameID":1553323},{"count":1,"y":400,"x":438,"type":"SHOT","shotType":"Wrist","gameID":1553323},{"count":1,"y":35,"x":421,"type":"SHOT","shotType":"Wrist","gameID":1553594},{"count":1,"y":284,"x":132,"type":"SHOT","shotType":"Slap","gameID":1553594},{"count":1,"y":360,"x":303,"type":"SHOT","shotType":"Slap","gameID":1553594},{"count":1,"y":302,"x":109,"type":"SHOT","shotType":"Slap","gameID":1553594},{"count":1,"y":574,"x":256,"type":"SHOT","shotType":"Wrist","gameID":1553594},{"count":1,"y":203,"x":309,"type":"SHOT","shotType":"Snap","gameID":1553894},{"count":1,"y":354,"x":174,"type":"SHOT","shotType":"Slap","gameID":1553894},{"count":1,"y":383,"x":268,"type":"SHOT","shotType":"Wrist","gameID":1553894},{"count":1,"y":447,"x":444,"type":"SHOT","shotType":"Wrist","gameID":1554140},{"count":1,"y":435,"x":268,"type":"SHOT","shotType":"Slap","gameID":1554140},{"count":1,"y":348,"x":426,"type":"SHOT","shotType":"Slap","gameID":1554140},{"count":1,"y":551,"x":374,"type":"SHOT","shotType":"Wrist","gameID":1554140},{"count":1,"y":197,"x":468,"type":"SHOT","shotType":"Wrist","gameID":1554140},{"count":1,"y":400,"x":232,"type":"SHOT","shotType":"Slap","gameID":1554140},{"count":1,"y":400,"x":332,"type":"SHOT","shotType":"Slap","gameID":1554140},{"count":1,"y":545,"x":362,"type":"SHOT","shotType":"Wrist","gameID":1554140},{"count":1,"y":313,"x":103,"type":"SHOT","shotType":"Slap","gameID":1554295},{"count":1,"y":331,"x":109,"type":"SHOT","shotType":"Slap","gameID":1554295},{"count":1,"y":545,"x":279,"type":"SHOT","shotType":"Wrist","gameID":1554295},{"count":1,"y":568,"x":79,"type":"SHOT","shotType":"Backhand","gameID":1554295},{"count":1,"y":377,"x":162,"type":"SHOT","shotType":"Slap","gameID":1554354},{"count":1,"y":209,"x":474,"type":"SHOT","shotType":"Wrist","gameID":1554354},{"count":1,"y":389,"x":256,"type":"SHOT","shotType":"Slap","gameID":1554354},{"count":1,"y":412,"x":285,"type":"SHOT","shotType":"Wrist","gameID":1554437},{"count":1,"y":354,"x":297,"type":"SHOT","shotType":"Wrist","gameID":1554348},{"count":1,"y":244,"x":350,"type":"SHOT","shotType":"Wrist","gameID":1554348},{"count":1,"y":290,"x":174,"type":"SHOT","shotType":"Slap","gameID":1554348},{"count":1,"y":557,"x":244,"type":"SHOT","shotType":"Slap","gameID":1554348},{"count":1,"y":383,"x":362,"type":"SHOT","shotType":"Slap","gameID":1554396},{"count":1,"y":215,"x":403,"type":"SHOT","shotType":"Snap","gameID":1554396},{"count":1,"y":499,"x":403,"type":"SHOT","shotType":"Slap","gameID":1554396},{"count":1,"y":331,"x":132,"type":"SHOT","shotType":"Slap","gameID":1554396},{"count":1,"y":215,"x":362,"type":"SHOT","shotType":"Snap","gameID":1554396},{"count":1,"y":296,"x":126,"type":"SHOT","shotType":"Slap","gameID":1554396},{"count":1,"y":412,"x":385,"type":"SHOT","shotType":"Slap","gameID":1554419},{"count":1,"y":406,"x":103,"type":"SHOT","shotType":"Slap","gameID":1554419},{"count":1,"y":383,"x":144,"type":"SHOT","shotType":"Wrist","gameID":1554419},{"count":1,"y":400,"x":350,"type":"SHOT","shotType":"Wrist","gameID":1554419},{"count":1,"y":400,"x":356,"type":"SHOT","shotType":"Slap","gameID":1553245},{"count":1,"y":545,"x":421,"type":"SHOT","shotType":"Slap","gameID":1553321},{"count":1,"y":348,"x":368,"type":"SHOT","shotType":"Wrist","gameID":1553321},{"count":1,"y":267,"x":115,"type":"SHOT","shotType":"Slap","gameID":1553321},{"count":1,"y":377,"x":415,"type":"SHOT","shotType":"Slap","gameID":1553400},{"count":1,"y":365,"x":126,"type":"SHOT","shotType":"Slap","gameID":1553400},{"count":1,"y":394,"x":179,"type":"SHOT","shotType":"Slap","gameID":1553400},{"count":1,"y":383,"x":115,"type":"SHOT","shotType":"Wrist","gameID":1553517},{"count":1,"y":389,"x":368,"type":"SHOT","shotType":"Wrist","gameID":1553536},{"count":1,"y":400,"x":274,"type":"SHOT","shotType":"Slap","gameID":1553616},{"count":1,"y":389,"x":297,"type":"SHOT","shotType":"Wrist","gameID":1553616},{"count":1,"y":302,"x":344,"type":"SHOT","shotType":"Wrist","gameID":1553732},{"count":1,"y":371,"x":385,"type":"SHOT","shotType":"Slap","gameID":1553732},{"count":1,"y":400,"x":356,"type":"SHOT","shotType":"Wrist","gameID":1553732},{"count":1,"y":394,"x":338,"type":"SHOT","shotType":"Slap","gameID":1553846},{"count":1,"y":377,"x":356,"type":"SHOT","shotType":"Snap","gameID":1553846},{"count":1,"y":336,"x":109,"type":"SHOT","shotType":"Slap","gameID":1553846},{"count":1,"y":377,"x":50,"type":"SHOT","shotType":"Wrist","gameID":1553846},{"count":1,"y":238,"x":403,"type":"SHOT","shotType":"Wrist","gameID":1553948},{"count":1,"y":-1,"x":256,"type":"SHOT","shotType":"Slap","gameID":1553948},{"count":1,"y":539,"x":203,"type":"SHOT","shotType":"Wrist","gameID":1553948},{"count":1,"y":534,"x":444,"type":"SHOT","shotType":"Slap","gameID":1554014},{"count":1,"y":568,"x":256,"type":"SHOT","shotType":"Slap","gameID":1554014},{"count":1,"y":296,"x":274,"type":"SHOT","shotType":"Wrist","gameID":1554014},{"count":1,"y":487,"x":268,"type":"SHOT","shotType":"Slap","gameID":1554014},{"count":1,"y":383,"x":432,"type":"SHOT","shotType":"Wrist","gameID":1554056},{"count":1,"y":493,"x":462,"type":"SHOT","shotType":"Slap","gameID":1554056},{"count":1,"y":383,"x":168,"type":"SHOT","shotType":"Slap","gameID":1554056},{"count":1,"y":389,"x":256,"type":"SHOT","shotType":"Slap","gameID":1554056},{"count":1,"y":226,"x":450,"type":"SHOT","shotType":"Slap","gameID":1554092},{"count":1,"y":383,"x":385,"type":"SHOT","shotType":"Slap","gameID":1554092},{"count":1,"y":383,"x":126,"type":"SHOT","shotType":"Slap","gameID":1554092},{"count":1,"y":342,"x":409,"type":"SHOT","shotType":"Slap","gameID":1554174},{"count":1,"y":377,"x":315,"type":"SHOT","shotType":"Slap","gameID":1554174},{"count":1,"y":360,"x":168,"type":"SHOT","shotType":"Wrist","gameID":1554174},{"count":1,"y":244,"x":368,"type":"SHOT","shotType":"Slap","gameID":1554174},{"count":1,"y":377,"x":432,"type":"SHOT","shotType":"Slap","gameID":1554174},{"count":1,"y":116,"x":432,"type":"SHOT","shotType":"Snap","gameID":1554217},{"count":1,"y":522,"x":432,"type":"SHOT","shotType":"Slap","gameID":1554217},{"count":1,"y":354,"x":191,"type":"SHOT","shotType":"Slap","gameID":1554217}]
