{
"Type":"P3D",
"Ordering":"SXW",
"Conditions":"50degC, pH>12",
"X":"PEG4000",
"S":"SLE1S",
"W":"Water",
"Reference":"Lindberg.se",
"Data":[
{"L1":[".35 0.25 .40"]},
{"L1":["0 0 1"]},
{"L1":["0 .5 .5"]},
{"L1":[".35 0.25 .40"]},
{"Lam":["0.70 0 .30"]},
{"L1":[".175 .125 .70"]},
{"L1":[".35 .025 .625"]},
{"L1":[".294 .025 .681"]},
{"L1":[".28 0 .72"]},
{"L1":[".35 .05 .60"]},
{"L1":[".35 .125 .525"]},
{"H1":[".525 .125 .35"]},
{"H1":[".525 .05 .425"]},
{"H1":["0.33 0 0.67"]},
{"H1":["0.45 0 0.55"]},
{"H1":["0.43 0.1 0.47"]},
{"H1":["0.45 0.175 0.37"]},
{"H1":["0.4 0.01 0.59"]},
{"H1":["0.45 0.025 0.525"]}
	]
	}
